<?xml version="1.0" encoding="UTF-8" standalone="yes"?>
<cp:coreProperties xmlns:cp="http://schemas.openxmlformats.org/package/2006/metadata/core-properties" xmlns:dc="http://purl.org/dc/elements/1.1/" xmlns:dcterms="http://purl.org/dc/terms/" xmlns:dcmitype="http://purl.org/dc/dcmitype/" xmlns:xsi="http://www.w3.org/2001/XMLSchema-instance"><dc:title>Name</dc:title><dc:subject></dc:subject><dc:creator>Paul Uttley</dc:creator><cp:keywords></cp:keywords><cp:lastModifiedBy>Schools Mailing</cp:lastModifiedBy><cp:revision>5</cp:revision><cp:lastPrinted>2007-04-02T09:51:00Z</cp:lastPrinted><dcterms:created xsi:type="dcterms:W3CDTF">2017-01-01T00:00:01Z</dcterms:created><dcterms:modified xsi:type="dcterms:W3CDTF">2017-01-00T00:00:01Z</dcterms:modified></cp:coreProperties>