<?xml version="1.0" encoding="UTF-8" standalone="yes"?>
<w:ftr xmlns:wpc="http://schemas.microsoft.com/office/word/2010/wordprocessingCanvas" xmlns:cx="http://schemas.microsoft.com/office/drawing/2014/chartex" xmlns:cx1="http://schemas.microsoft.com/office/drawing/2015/9/8/chartex" xmlns:cx2="http://schemas.microsoft.com/office/drawing/2015/10/21/chartex" xmlns:cx3="http://schemas.microsoft.com/office/drawing/2016/5/9/chartex" xmlns:cx4="http://schemas.microsoft.com/office/drawing/2016/5/10/chartex" xmlns:cx5="http://schemas.microsoft.com/office/drawing/2016/5/11/chartex" xmlns:mc="http://schemas.openxmlformats.org/markup-compatibility/2006" xmlns:o="urn:schemas-microsoft-com:office:office" xmlns:r="http://schemas.openxmlformats.org/officeDocument/2006/relationships" xmlns:m="http://schemas.openxmlformats.org/officeDocument/2006/math" xmlns:v="urn:schemas-microsoft-com:vml" xmlns:wp14="http://schemas.microsoft.com/office/word/2010/wordprocessingDrawing" xmlns:wp="http://schemas.openxmlformats.org/drawingml/2006/wordprocessingDrawing" xmlns:w10="urn:schemas-microsoft-com:office:word" xmlns:w="http://schemas.openxmlformats.org/wordprocessingml/2006/main" xmlns:w14="http://schemas.microsoft.com/office/word/2010/wordml" xmlns:w15="http://schemas.microsoft.com/office/word/2012/wordml" xmlns:w16se="http://schemas.microsoft.com/office/word/2015/wordml/symex" xmlns:wpg="http://schemas.microsoft.com/office/word/2010/wordprocessingGroup" xmlns:wpi="http://schemas.microsoft.com/office/word/2010/wordprocessingInk" xmlns:wne="http://schemas.microsoft.com/office/word/2006/wordml" xmlns:wps="http://schemas.microsoft.com/office/word/2010/wordprocessingShape" mc:Ignorable="w14 w15 w16se wp14"><w:p w:rsidR="0082036B" w:rsidRPr="003636BA" w:rsidRDefault="0082036B" w:rsidP="00630971"><w:pPr><w:autoSpaceDE w:val="0"/><w:autoSpaceDN w:val="0"/><w:adjustRightInd w:val="0"/><w:jc w:val="center"/><w:rPr><w:rFonts w:ascii="Calibri" w:hAnsi="Calibri" w:cs="Arial"/><w:sz w:val="20"/><w:szCs w:val="20"/></w:rPr></w:pPr></w:p><w:p w:rsidR="00DB7E71" w:rsidRPr="003636BA" w:rsidRDefault="00DB7E71" w:rsidP="00DB7E71"><w:pPr><w:pStyle w:val="Footer"/><w:jc w:val="center"/><w:rPr><w:rFonts w:ascii="Calibri" w:hAnsi="Calibri"/><w:sz w:val="16"/><w:szCs w:val="16"/><w:lang w:val="en-GB"/></w:rPr></w:pPr><w:r w:rsidRPr="003636BA"><w:rPr><w:rFonts w:ascii="Calibri" w:hAnsi="Calibri"/><w:sz w:val="16"/><w:szCs w:val="16"/><w:lang w:val="en-GB"/></w:rPr><w:t>Schools Mailing is a trading name of UK Mailing Ltd. Registered in England No. 4266302 VAT No 791 3689 85</w:t></w:r></w:p><w:p w:rsidR="0082036B" w:rsidRPr="003636BA" w:rsidRDefault="0064312C" w:rsidP="002D3A12"><w:pPr><w:pStyle w:val="Footer"/><w:jc w:val="center"/><w:rPr><w:rFonts w:ascii="Calibri" w:hAnsi="Calibri"/><w:sz w:val="16"/><w:szCs w:val="16"/><w:lang w:val="en-GB"/></w:rPr></w:pPr><w:r><w:rPr><w:rFonts w:ascii="Calibri" w:hAnsi="Calibri"/><w:sz w:val="16"/><w:szCs w:val="16"/><w:lang w:val="en-GB"/></w:rPr><w:t>T</w:t></w:r><w:r w:rsidR="00DB7E71" w:rsidRPr="003636BA"><w:rPr><w:rFonts w:ascii="Calibri" w:hAnsi="Calibri"/><w:sz w:val="16"/><w:szCs w:val="16"/><w:lang w:val="en-GB"/></w:rPr><w:t xml:space="preserve">el● </w:t></w:r><w:r w:rsidR="007E1C42"><w:rPr><w:rFonts w:ascii="Calibri" w:hAnsi="Calibri"/><w:sz w:val="16"/><w:szCs w:val="16"/><w:lang w:val="en-GB"/></w:rPr><w:t>0117 9584572</w:t></w:r><w:r><w:rPr><w:rFonts w:ascii="Calibri" w:hAnsi="Calibri"/><w:sz w:val="16"/><w:szCs w:val="16"/><w:lang w:val="en-GB"/></w:rPr><w:t xml:space="preserve"> ● E</w:t></w:r><w:r w:rsidR="00DB7E71" w:rsidRPr="003636BA"><w:rPr><w:rFonts w:ascii="Calibri" w:hAnsi="Calibri"/><w:sz w:val="16"/><w:szCs w:val="16"/><w:lang w:val="en-GB"/></w:rPr><w:t xml:space="preserve">mail. </w:t></w:r><w:r><w:rPr><w:rFonts w:ascii="Calibri" w:hAnsi="Calibri"/><w:sz w:val="16"/><w:szCs w:val="16"/><w:lang w:val="en-GB"/></w:rPr><w:t>!UserEmail</w:t></w:r></w:p></w:ftr>